order_id,payment_sequential,payment_type,payment_installments,payment_value
o0000000000000000000000000000,1,credit_card,4,567.99
o0000000000000000000000000001,1,credit_card,4,269.31
o0000000000000000000000000002,1,credit_card,10,884.09
o0000000000000000000000000003,1,credit_card,5,258.16
o0000000000000000000000000004,1,debit_card,1,281.11
o0000000000000000000000000005,1,credit_card,7,209.84
o0000000000000000000000000006,1,boleto,1,708.29
o0000000000000000000000000007,1,voucher,1,114.38
o0000000000000000000000000007,2,voucher,1,114.38
o0000000000000000000000000008,1,credit_card,8,129.37
o0000000000000000000000000009,1,credit_card,4,78.72
o0000000000000000000000000009,2,credit_card,2,78.72
o0000000000000000000000000010,1,boleto,1,641.85
o0000000000000000000000000011,1,voucher,1,314.42
o0000000000000000000000000012,1,credit_card,3,639.7
o0000000000000000000000000013,1,credit_card,7,428.38
o0000000000000000000000000014,1,credit_card,1,303.67
o0000000000000000000000000015,1,credit_card,4,382.3
o0000000000000000000000000016,1,credit_card,8,561.16
o0000000000000000000000000017,1,credit_card,3,260.41
o0000000000000000000000000018,1,credit_card,7,90.25
o0000000000000000000000000018,2,credit_card,10,90.25
o0000000000000000000000000019,1,debit_card,1,395.63
o0000000000000000000000000020,1,credit_card,7,279.46
o0000000000000000000000000021,1,credit_card,8,877.3
o0000000000000000000000000022,1,boleto,1,46.51
o0000000000000000000000000023,1,credit_card,6,1113.83
o0000000000000000000000000024,1,credit_card,3,562.11
o0000000000000000000000000024,2,credit_card,8,562.11
o0000000000000000000000000025,1,credit_card,4,222.99
o0000000000000000000000000026,1,boleto,1,116.59
o0000000000000000000000000027,1,credit_card,4,287.53
o0000000000000000000000000028,1,boleto,1,131.16
o0000000000000000000000000029,1,credit_card,8,620.3
o0000000000000000000000000030,1,credit_card,2,83.39
o0000000000000000000000000031,1,credit_card,5,397.05
o0000000000000000000000000032,1,credit_card,5,332.95
o0000000000000000000000000033,1,credit_card,7,86.37
o0000000000000000000000000034,1,credit_card,2,195.95
o0000000000000000000000000034,2,credit_card,4,195.95
o0000000000000000000000000035,1,credit_card,3,726.89
o0000000000000000000000000036,1,credit_card,3,326.78
o0000000000000000000000000037,1,boleto,1,475.02
o0000000000000000000000000038,1,boleto,1,538.04
o0000000000000000000000000039,1,credit_card,4,513.64
o0000000000000000000000000040,1,credit_card,1,408.02
o0000000000000000000000000041,1,boleto,1,174.47
o0000000000000000000000000042,1,credit_card,10,69.03
o0000000000000000000000000043,1,credit_card,4,341.06
o0000000000000000000000000044,1,credit_card,7,31.39
o0000000000000000000000000044,2,credit_card,8,31.39
o0000000000000000000000000045,1,credit_card,9,189.71
o0000000000000000000000000046,1,credit_card,4,219.18
o0000000000000000000000000047,1,voucher,1,457.1
o0000000000000000000000000048,1,credit_card,2,106.31
o0000000000000000000000000049,1,credit_card,6,129.55
o0000000000000000000000000049,2,credit_card,4,129.55
o0000000000000000000000000050,1,debit_card,1,320.01
o0000000000000000000000000051,1,credit_card,9,377.98
o0000000000000000000000000052,1,boleto,1,80.55
o0000000000000000000000000052,2,boleto,1,80.55
o0000000000000000000000000053,1,credit_card,6,256.94
o0000000000000000000000000054,1,credit_card,1,178.11
o0000000000000000000000000055,1,credit_card,8,116.04
o0000000000000000000000000055,2,credit_card,10,116.04
o0000000000000000000000000056,1,boleto,1,431.09
o0000000000000000000000000057,1,voucher,1,268.66
o0000000000000000000000000058,1,boleto,1,160.3
o0000000000000000000000000059,1,credit_card,7,296.0
o0000000000000000000000000060,1,boleto,1,301.0
o0000000000000000000000000061,1,debit_card,1,112.08
o0000000000000000000000000062,1,credit_card,5,190.74
o0000000000000000000000000063,1,boleto,1,366.39
o0000000000000000000000000064,1,boleto,1,270.61
o0000000000000000000000000065,1,credit_card,2,120.7
o0000000000000000000000000066,1,credit_card,3,182.45
o0000000000000000000000000067,1,credit_card,1,866.15
o0000000000000000000000000068,1,debit_card,1,80.98
o0000000000000000000000000068,2,debit_card,1,80.98
o0000000000000000000000000069,1,credit_card,2,489.92
o0000000000000000000000000070,1,boleto,1,228.87
o0000000000000000000000000071,1,boleto,1,332.76
o0000000000000000000000000072,1,boleto,1,295.86
o0000000000000000000000000073,1,boleto,1,162.39
o0000000000000000000000000073,2,boleto,1,162.39
o0000000000000000000000000074,1,credit_card,10,277.68
o0000000000000000000000000074,2,credit_card,2,277.68
o0000000000000000000000000075,1,credit_card,9,161.55
o0000000000000000000000000076,1,credit_card,8,137.43
o0000000000000000000000000076,2,credit_card,6,137.43
o0000000000000000000000000077,1,boleto,1,163.56
o0000000000000000000000000078,1,credit_card,3,896.19
o0000000000000000000000000079,1,boleto,1,145.58
o0000000000000000000000000080,1,boleto,1,214.72
o0000000000000000000000000081,1,credit_card,10,246.67
o0000000000000000000000000082,1,boleto,1,277.22
o0000000000000000000000000083,1,credit_card,5,135.88
o0000000000000000000000000084,1,credit_card,4,256.04
o0000000000000000000000000085,1,voucher,1,85.16
o0000000000000000000000000085,2,voucher,1,85.16
o0000000000000000000000000086,1,credit_card,9,734.05
o0000000000000000000000000087,1,credit_card,10,366.89
o0000000000000000000000000088,1,voucher,1,1042.4
o0000000000000000000000000089,1,credit_card,10,132.95
o0000000000000000000000000090,1,credit_card,6,172.95
o0000000000000000000000000091,1,credit_card,5,766.5
o0000000000000000000000000092,1,credit_card,8,329.13
o0000000000000000000000000093,1,credit_card,4,294.65
o0000000000000000000000000094,1,credit_card,4,384.4
o0000000000000000000000000095,1,credit_card,2,285.98
o0000000000000000000000000096,1,boleto,1,403.03
o0000000000000000000000000097,1,credit_card,8,800.14
o0000000000000000000000000098,1,boleto,1,128.85
o0000000000000000000000000099,1,credit_card,4,262.31
o0000000000000000000000000100,1,credit_card,7,139.53
o0000000000000000000000000101,1,credit_card,9,403.56
o0000000000000000000000000101,2,credit_card,5,403.56
o0000000000000000000000000102,1,credit_card,7,137.19
o0000000000000000000000000103,1,credit_card,6,245.37
o0000000000000000000000000104,1,credit_card,4,141.0
o0000000000000000000000000104,2,credit_card,6,141.0
o0000000000000000000000000105,1,credit_card,4,386.28
o0000000000000000000000000106,1,credit_card,9,201.33
o0000000000000000000000000106,2,credit_card,5,201.33
o0000000000000000000000000107,1,credit_card,7,677.13
o0000000000000000000000000108,1,boleto,1,115.27
o0000000000000000000000000108,2,boleto,1,115.27
o0000000000000000000000000109,1,credit_card,5,831.59
o0000000000000000000000000110,1,credit_card,5,168.35
o0000000000000000000000000111,1,credit_card,7,438.01
o0000000000000000000000000112,1,credit_card,10,673.62
o0000000000000000000000000113,1,voucher,1,213.37
o0000000000000000000000000114,1,credit_card,5,227.8
o0000000000000000000000000115,1,credit_card,3,18.72
o0000000000000000000000000115,2,credit_card,8,18.72
o0000000000000000000000000116,1,credit_card,7,54.22
o0000000000000000000000000116,2,credit_card,1,54.22
o0000000000000000000000000117,1,credit_card,6,345.94
o0000000000000000000000000118,1,credit_card,1,98.46
o0000000000000000000000000119,1,credit_card,4,196.54
o0000000000000000000000000120,1,credit_card,7,434.97
o0000000000000000000000000121,1,credit_card,8,42.73
o0000000000000000000000000122,1,debit_card,1,111.01
o0000000000000000000000000122,2,debit_card,1,111.01
o0000000000000000000000000123,1,debit_card,1,385.94
o0000000000000000000000000124,1,debit_card,1,184.36
o0000000000000000000000000125,1,boleto,1,1350.9
o0000000000000000000000000126,1,credit_card,6,299.42
o0000000000000000000000000127,1,credit_card,7,1016.57
o0000000000000000000000000128,1,boleto,1,185.97
o0000000000000000000000000129,1,credit_card,10,416.75
o0000000000000000000000000130,1,credit_card,9,534.33
o0000000000000000000000000131,1,debit_card,1,143.21
o0000000000000000000000000132,1,credit_card,9,305.81
o0000000000000000000000000132,2,credit_card,3,305.81
o0000000000000000000000000133,1,voucher,1,197.45
o0000000000000000000000000133,2,voucher,1,197.45
o0000000000000000000000000134,1,voucher,1,172.93
o0000000000000000000000000134,2,voucher,1,172.93
o0000000000000000000000000135,1,credit_card,10,376.65
o0000000000000000000000000136,1,boleto,1,208.55
o0000000000000000000000000137,1,boleto,1,790.18
o0000000000000000000000000138,1,credit_card,5,115.83
o0000000000000000000000000139,1,credit_card,1,573.12
o0000000000000000000000000140,1,boleto,1,389.15
o0000000000000000000000000141,1,boleto,1,274.43
o0000000000000000000000000142,1,credit_card,5,686.78
o0000000000000000000000000143,1,credit_card,8,388.4
o0000000000000000000000000144,1,credit_card,9,372.1
o0000000000000000000000000145,1,credit_card,8,173.91
o0000000000000000000000000146,1,credit_card,10,22.23
o0000000000000000000000000146,2,credit_card,2,22.23
o0000000000000000000000000147,1,credit_card,2,39.73
o0000000000000000000000000147,2,credit_card,4,39.73
o0000000000000000000000000148,1,credit_card,8,153.83
o0000000000000000000000000148,2,credit_card,10,153.83
o0000000000000000000000000149,1,credit_card,10,209.9
o0000000000000000000000000150,1,credit_card,10,310.4
o0000000000000000000000000151,1,credit_card,10,317.88
o0000000000000000000000000152,1,credit_card,4,251.76
o0000000000000000000000000153,1,credit_card,6,895.3
o0000000000000000000000000154,1,debit_card,1,236.69
o0000000000000000000000000155,1,credit_card,1,558.13
o0000000000000000000000000156,1,voucher,1,273.14
o0000000000000000000000000157,1,credit_card,2,759.22
o0000000000000000000000000158,1,credit_card,3,986.29
o0000000000000000000000000159,1,credit_card,8,52.77
o0000000000000000000000000159,2,credit_card,7,52.77
o0000000000000000000000000160,1,credit_card,1,702.08
o0000000000000000000000000161,1,credit_card,10,36.76
o0000000000000000000000000161,2,credit_card,3,36.76
o0000000000000000000000000162,1,boleto,1,636.35
o0000000000000000000000000163,1,credit_card,8,268.83
o0000000000000000000000000164,1,boleto,1,186.48
o0000000000000000000000000165,1,credit_card,8,656.69
o0000000000000000000000000166,1,boleto,1,116.33
o0000000000000000000000000166,2,boleto,1,116.33
o0000000000000000000000000167,1,credit_card,10,364.24
o0000000000000000000000000168,1,credit_card,7,186.97
o0000000000000000000000000169,1,boleto,1,143.51
o0000000000000000000000000170,1,boleto,1,410.28
o0000000000000000000000000171,1,boleto,1,147.92
o0000000000000000000000000172,1,credit_card,1,484.77
o0000000000000000000000000173,1,credit_card,5,216.48
o0000000000000000000000000174,1,credit_card,7,805.0
o0000000000000000000000000175,1,boleto,1,638.63
o0000000000000000000000000176,1,credit_card,10,681.43
o0000000000000000000000000177,1,credit_card,8,425.45
o0000000000000000000000000178,1,credit_card,4,97.37
o0000000000000000000000000179,1,boleto,1,689.92
o0000000000000000000000000180,1,credit_card,9,245.67
o0000000000000000000000000181,1,credit_card,5,239.95
o0000000000000000000000000182,1,credit_card,9,495.19
o0000000000000000000000000183,1,boleto,1,908.88
o0000000000000000000000000184,1,credit_card,8,858.72
o0000000000000000000000000185,1,credit_card,1,519.28
o0000000000000000000000000186,1,credit_card,5,370.51
o0000000000000000000000000187,1,credit_card,2,589.14
o0000000000000000000000000188,1,credit_card,2,308.39
o0000000000000000000000000189,1,voucher,1,395.84
o0000000000000000000000000190,1,credit_card,2,729.75
o0000000000000000000000000191,1,credit_card,5,72.06
o0000000000000000000000000192,1,credit_card,3,189.7
o0000000000000000000000000193,1,credit_card,3,206.67
o0000000000000000000000000193,2,credit_card,8,206.67
o0000000000000000000000000194,1,credit_card,8,323.09
o0000000000000000000000000195,1,boleto,1,363.27
o0000000000000000000000000196,1,boleto,1,55.78
o0000000000000000000000000197,1,credit_card,6,150.54
o0000000000000000000000000198,1,credit_card,7,298.51
o0000000000000000000000000199,1,credit_card,2,344.67
o0000000000000000000000000200,1,credit_card,9,173.73
o0000000000000000000000000200,2,credit_card,10,173.73
o0000000000000000000000000201,1,credit_card,10,145.19
o0000000000000000000000000202,1,debit_card,1,314.4
o0000000000000000000000000203,1,credit_card,4,497.18
o0000000000000000000000000204,1,credit_card,10,216.75
o0000000000000000000000000205,1,credit_card,4,211.24
o0000000000000000000000000206,1,credit_card,1,686.41
o0000000000000000000000000207,1,credit_card,8,315.08
o0000000000000000000000000208,1,credit_card,5,409.35
o0000000000000000000000000209,1,boleto,1,242.75
o0000000000000000000000000210,1,credit_card,4,304.74
o0000000000000000000000000211,1,boleto,1,382.13
o0000000000000000000000000212,1,boleto,1,314.67
o0000000000000000000000000213,1,debit_card,1,286.29
o0000000000000000000000000214,1,credit_card,1,104.01
o0000000000000000000000000214,2,credit_card,6,104.01
o0000000000000000000000000215,1,boleto,1,953.89
o0000000000000000000000000216,1,voucher,1,590.73
o0000000000000000000000000217,1,boleto,1,825.29
o0000000000000000000000000218,1,credit_card,1,385.67
o0000000000000000000000000219,1,boleto,1,799.4
o0000000000000000000000000220,1,credit_card,8,379.94
o0000000000000000000000000221,1,voucher,1,225.77
o0000000000000000000000000222,1,credit_card,8,403.14
o0000000000000000000000000223,1,credit_card,2,234.14
o0000000000000000000000000223,2,credit_card,6,234.14
o0000000000000000000000000224,1,boleto,1,553.62
o0000000000000000000000000225,1,boleto,1,111.45
o0000000000000000000000000226,1,credit_card,7,252.6
o0000000000000000000000000227,1,credit_card,6,623.04
o0000000000000000000000000228,1,boleto,1,275.69
o0000000000000000000000000229,1,credit_card,5,538.37
o0000000000000000000000000230,1,credit_card,8,533.11
o0000000000000000000000000231,1,credit_card,10,653.86
o0000000000000000000000000232,1,credit_card,5,61.55
o0000000000000000000000000233,1,credit_card,8,388.6
o0000000000000000000000000234,1,credit_card,10,645.48
o0000000000000000000000000235,1,credit_card,7,555.82
o0000000000000000000000000236,1,credit_card,10,714.0
o0000000000000000000000000237,1,credit_card,8,286.77
o0000000000000000000000000238,1,credit_card,6,131.4
o0000000000000000000000000238,2,credit_card,5,131.4
o0000000000000000000000000239,1,boleto,1,373.36
o0000000000000000000000000240,1,credit_card,10,607.81
o0000000000000000000000000241,1,credit_card,10,290.55
o0000000000000000000000000242,1,credit_card,4,581.92
o0000000000000000000000000243,1,credit_card,1,287.52
o0000000000000000000000000244,1,credit_card,2,64.87
o0000000000000000000000000245,1,credit_card,10,213.36
o0000000000000000000000000246,1,credit_card,1,269.28
o0000000000000000000000000247,1,credit_card,1,119.23
o0000000000000000000000000248,1,credit_card,4,122.11
o0000000000000000000000000248,2,credit_card,8,122.11
o0000000000000000000000000249,1,credit_card,5,513.0
o0000000000000000000000000250,1,credit_card,3,509.63
o0000000000000000000000000251,1,debit_card,1,188.42
o0000000000000000000000000251,2,debit_card,1,188.42
o0000000000000000000000000252,1,credit_card,4,342.18
o0000000000000000000000000253,1,credit_card,4,522.27
o0000000000000000000000000254,1,credit_card,3,378.11
o0000000000000000000000000255,1,credit_card,4,127.72
o0000000000000000000000000256,1,credit_card,7,374.65
o0000000000000000000000000257,1,credit_card,5,194.8
o0000000000000000000000000257,2,credit_card,2,194.8
o0000000000000000000000000258,1,credit_card,9,197.54
o0000000000000000000000000259,1,credit_card,7,66.37
o0000000000000000000000000259,2,credit_card,10,66.37
o0000000000000000000000000260,1,credit_card,3,271.79
o0000000000000000000000000261,1,credit_card,8,265.55
o0000000000000000000000000262,1,credit_card,5,109.52
o0000000000000000000000000263,1,credit_card,7,361.67
o0000000000000000000000000264,1,credit_card,4,159.07
o0000000000000000000000000265,1,credit_card,2,108.94
o0000000000000000000000000266,1,credit_card,1,506.26
o0000000000000000000000000267,1,credit_card,4,120.42
o0000000000000000000000000267,2,credit_card,4,120.42
o0000000000000000000000000268,1,credit_card,7,221.6
o0000000000000000000000000269,1,credit_card,7,343.58
o0000000000000000000000000270,1,credit_card,7,315.31
o0000000000000000000000000271,1,credit_card,1,307.94
o0000000000000000000000000272,1,credit_card,4,232.6
o0000000000000000000000000272,2,credit_card,7,232.6
o0000000000000000000000000273,1,credit_card,9,374.03
o0000000000000000000000000274,1,credit_card,2,384.35
o0000000000000000000000000275,1,credit_card,6,653.6
o0000000000000000000000000276,1,credit_card,8,423.71
o0000000000000000000000000277,1,boleto,1,436.72
o0000000000000000000000000277,2,boleto,1,436.72
o0000000000000000000000000278,1,voucher,1,429.33
o0000000000000000000000000279,1,voucher,1,680.9
o0000000000000000000000000280,1,credit_card,5,260.22
o0000000000000000000000000281,1,boleto,1,596.8
o0000000000000000000000000282,1,credit_card,10,553.97
o0000000000000000000000000283,1,credit_card,7,151.02
o0000000000000000000000000283,2,credit_card,3,151.02
o0000000000000000000000000284,1,boleto,1,180.98
o0000000000000000000000000285,1,debit_card,1,258.63
o0000000000000000000000000286,1,credit_card,10,583.27
o0000000000000000000000000287,1,credit_card,3,387.02
o0000000000000000000000000288,1,credit_card,8,380.0
o0000000000000000000000000289,1,credit_card,10,155.08
o0000000000000000000000000290,1,boleto,1,80.62
o0000000000000000000000000291,1,credit_card,10,128.66
o0000000000000000000000000291,2,credit_card,3,128.66
o0000000000000000000000000292,1,voucher,1,143.14
o0000000000000000000000000293,1,debit_card,1,116.26
o0000000000000000000000000293,2,debit_card,1,116.26
o0000000000000000000000000294,1,credit_card,2,549.12
o0000000000000000000000000295,1,credit_card,10,343.97
o0000000000000000000000000296,1,credit_card,5,290.55
o0000000000000000000000000297,1,credit_card,7,325.88
o0000000000000000000000000298,1,credit_card,3,356.56
o0000000000000000000000000299,1,credit_card,1,1143.62
o0000000000000000000000000300,1,boleto,1,843.44
o0000000000000000000000000301,1,credit_card,3,217.36
o0000000000000000000000000302,1,credit_card,7,309.2
o0000000000000000000000000303,1,boleto,1,227.39
o0000000000000000000000000304,1,credit_card,6,73.02
o0000000000000000000000000305,1,credit_card,10,426.43
o0000000000000000000000000306,1,credit_card,4,529.9
o0000000000000000000000000307,1,voucher,1,343.51
o0000000000000000000000000308,1,voucher,1,577.44
o0000000000000000000000000309,1,credit_card,10,260.79
o0000000000000000000000000309,2,credit_card,5,260.79
o0000000000000000000000000310,1,credit_card,6,215.2
o0000000000000000000000000311,1,boleto,1,554.69
o0000000000000000000000000312,1,credit_card,3,194.99
o0000000000000000000000000313,1,credit_card,1,1058.24
o0000000000000000000000000314,1,credit_card,8,782.19
o0000000000000000000000000315,1,credit_card,5,397.38
o0000000000000000000000000316,1,credit_card,9,80.1
o0000000000000000000000000316,2,credit_card,3,80.1
o0000000000000000000000000317,1,debit_card,1,421.06
o0000000000000000000000000318,1,boleto,1,121.17
o0000000000000000000000000318,2,boleto,1,121.17
o0000000000000000000000000319,1,debit_card,1,194.11
o0000000000000000000000000319,2,debit_card,1,194.11
o0000000000000000000000000320,1,credit_card,10,367.59
o0000000000000000000000000321,1,credit_card,8,84.46
o0000000000000000000000000321,2,credit_card,2,84.46
o0000000000000000000000000322,1,credit_card,2,98.55
o0000000000000000000000000323,1,credit_card,10,593.3
o0000000000000000000000000324,1,credit_card,4,645.32
o0000000000000000000000000325,1,credit_card,7,796.77
o0000000000000000000000000326,1,credit_card,7,565.41
o0000000000000000000000000326,2,credit_card,1,565.41
o0000000000000000000000000327,1,credit_card,10,358.94
o0000000000000000000000000328,1,boleto,1,277.79
o0000000000000000000000000329,1,credit_card,4,284.83
o0000000000000000000000000330,1,credit_card,1,748.74
o0000000000000000000000000331,1,credit_card,9,858.34
o0000000000000000000000000332,1,credit_card,5,387.43
o0000000000000000000000000333,1,credit_card,10,159.96
o0000000000000000000000000334,1,credit_card,4,125.33
o0000000000000000000000000335,1,credit_card,8,57.86
o0000000000000000000000000336,1,credit_card,6,362.32
o0000000000000000000000000337,1,boleto,1,218.02
o0000000000000000000000000337,2,boleto,1,218.02
o0000000000000000000000000338,1,credit_card,10,845.63
o0000000000000000000000000339,1,boleto,1,54.94
o0000000000000000000000000340,1,credit_card,5,205.62
o0000000000000000000000000341,1,credit_card,7,291.34
o0000000000000000000000000342,1,boleto,1,120.73
o0000000000000000000000000343,1,credit_card,3,159.23
o0000000000000000000000000343,2,credit_card,6,159.23
o0000000000000000000000000344,1,credit_card,3,797.5
o0000000000000000000000000345,1,credit_card,3,384.27
o0000000000000000000000000346,1,credit_card,6,398.86
o0000000000000000000000000347,1,credit_card,3,234.32
o0000000000000000000000000348,1,boleto,1,181.68
o0000000000000000000000000349,1,credit_card,8,587.12
o0000000000000000000000000350,1,credit_card,6,402.25
o0000000000000000000000000351,1,credit_card,6,60.67
o0000000000000000000000000352,1,credit_card,3,290.89
o0000000000000000000000000353,1,credit_card,2,267.12
o0000000000000000000000000354,1,credit_card,2,360.95
o0000000000000000000000000355,1,credit_card,10,277.52
o0000000000000000000000000356,1,credit_card,4,647.12
o0000000000000000000000000357,1,credit_card,3,454.09
o0000000000000000000000000358,1,boleto,1,126.9
o0000000000000000000000000359,1,voucher,1,173.78
o0000000000000000000000000360,1,credit_card,6,52.26
o0000000000000000000000000361,1,credit_card,4,610.93
o0000000000000000000000000362,1,boleto,1,105.49
o0000000000000000000000000363,1,credit_card,6,83.64
o0000000000000000000000000364,1,credit_card,5,168.23
o0000000000000000000000000365,1,credit_card,8,563.4
o0000000000000000000000000366,1,credit_card,6,180.16
o0000000000000000000000000367,1,voucher,1,285.94
o0000000000000000000000000368,1,credit_card,2,407.86
o0000000000000000000000000368,2,credit_card,8,407.86
o0000000000000000000000000369,1,debit_card,1,199.35
o0000000000000000000000000369,2,debit_card,1,199.35
o0000000000000000000000000370,1,credit_card,6,338.96
o0000000000000000000000000371,1,debit_card,1,1213.04
o0000000000000000000000000372,1,credit_card,4,209.99
o0000000000000000000000000373,1,boleto,1,562.22
o0000000000000000000000000374,1,boleto,1,581.51
o0000000000000000000000000375,1,credit_card,3,268.09
o0000000000000000000000000376,1,debit_card,1,193.52
o0000000000000000000000000377,1,debit_card,1,359.59
o0000000000000000000000000377,2,debit_card,1,359.59
o0000000000000000000000000378,1,credit_card,2,73.21
o0000000000000000000000000379,1,credit_card,9,307.39
o0000000000000000000000000380,1,credit_card,8,319.62
o0000000000000000000000000381,1,debit_card,1,412.15
o0000000000000000000000000382,1,boleto,1,164.04
o0000000000000000000000000383,1,credit_card,2,257.08
o0000000000000000000000000384,1,credit_card,8,803.61
o0000000000000000000000000385,1,credit_card,1,329.72
o0000000000000000000000000386,1,credit_card,7,285.22
o0000000000000000000000000387,1,credit_card,10,573.99
o0000000000000000000000000388,1,boleto,1,473.45
o0000000000000000000000000389,1,boleto,1,45.82
o0000000000000000000000000389,2,boleto,1,45.82
o0000000000000000000000000390,1,debit_card,1,262.75
o0000000000000000000000000391,1,credit_card,5,176.27
o0000000000000000000000000391,2,credit_card,6,176.27
o0000000000000000000000000392,1,credit_card,8,409.38
o0000000000000000000000000393,1,credit_card,5,453.57
o0000000000000000000000000394,1,credit_card,10,1180.41
o0000000000000000000000000395,1,boleto,1,509.98
o0000000000000000000000000396,1,credit_card,3,434.67
o0000000000000000000000000397,1,boleto,1,200.17
o0000000000000000000000000398,1,voucher,1,101.9
o0000000000000000000000000398,2,voucher,1,101.9
o0000000000000000000000000399,1,credit_card,9,303.77
o0000000000000000000000000400,1,credit_card,8,69.0
o0000000000000000000000000401,1,credit_card,6,78.08
o0000000000000000000000000401,2,credit_card,5,78.08
o0000000000000000000000000402,1,credit_card,7,172.7
o0000000000000000000000000402,2,credit_card,7,172.7
o0000000000000000000000000403,1,boleto,1,381.19
o0000000000000000000000000404,1,credit_card,6,83.25
o0000000000000000000000000405,1,credit_card,8,175.56
o0000000000000000000000000406,1,boleto,1,306.78
o0000000000000000000000000407,1,debit_card,1,426.06
o0000000000000000000000000408,1,credit_card,1,631.65
o0000000000000000000000000409,1,boleto,1,297.39
o0000000000000000000000000410,1,debit_card,1,32.48
o0000000000000000000000000410,2,debit_card,1,32.48
o0000000000000000000000000411,1,credit_card,6,293.4
o0000000000000000000000000412,1,credit_card,7,336.51
o0000000000000000000000000413,1,credit_card,1,92.53
o0000000000000000000000000414,1,credit_card,4,856.83
o0000000000000000000000000415,1,credit_card,10,972.76
o0000000000000000000000000416,1,credit_card,6,1000.87
o0000000000000000000000000417,1,credit_card,7,552.0
o0000000000000000000000000418,1,boleto,1,528.72
o0000000000000000000000000419,1,boleto,1,607.82
o0000000000000000000000000420,1,credit_card,6,53.9
o0000000000000000000000000420,2,credit_card,7,53.9
o0000000000000000000000000421,1,credit_card,1,235.34
o0000000000000000000000000422,1,credit_card,4,134.46
o0000000000000000000000000423,1,boleto,1,220.59
o0000000000000000000000000424,1,credit_card,7,288.06
o0000000000000000000000000425,1,boleto,1,121.96
o0000000000000000000000000426,1,credit_card,3,156.08
o0000000000000000000000000426,2,credit_card,6,156.08
o0000000000000000000000000427,1,credit_card,6,91.51
o0000000000000000000000000428,1,credit_card,8,660.47
o0000000000000000000000000429,1,credit_card,3,480.86
o0000000000000000000000000430,1,credit_card,6,330.93
o0000000000000000000000000431,1,debit_card,1,188.23
o0000000000000000000000000432,1,credit_card,8,337.72
o0000000000000000000000000433,1,credit_card,6,141.34
o0000000000000000000000000434,1,credit_card,4,169.41
o0000000000000000000000000435,1,credit_card,7,65.52
o0000000000000000000000000436,1,credit_card,5,260.27
o0000000000000000000000000436,2,credit_card,2,260.27
o0000000000000000000000000437,1,boleto,1,387.16
o0000000000000000000000000438,1,credit_card,1,292.55
o0000000000000000000000000439,1,credit_card,10,95.04
o0000000000000000000000000439,2,credit_card,1,95.04
o0000000000000000000000000440,1,credit_card,3,1205.38
o0000000000000000000000000441,1,credit_card,9,459.26
o0000000000000000000000000442,1,credit_card,8,42.49
o0000000000000000000000000443,1,boleto,1,341.17
o0000000000000000000000000444,1,credit_card,7,203.02
o0000000000000000000000000445,1,credit_card,3,398.86
o0000000000000000000000000445,2,credit_card,7,398.86
o0000000000000000000000000446,1,credit_card,10,289.07
o0000000000000000000000000447,1,credit_card,10,39.28
o0000000000000000000000000447,2,credit_card,6,39.28
o0000000000000000000000000448,1,credit_card,7,219.34
o0000000000000000000000000449,1,voucher,1,168.82
o0000000000000000000000000450,1,credit_card,6,333.31
o0000000000000000000000000451,1,credit_card,2,744.87
o0000000000000000000000000452,1,credit_card,7,256.41
o0000000000000000000000000453,1,credit_card,4,565.32
o0000000000000000000000000454,1,boleto,1,205.25
o0000000000000000000000000455,1,boleto,1,205.72
o0000000000000000000000000455,2,boleto,1,205.72
o0000000000000000000000000456,1,credit_card,5,488.54
o0000000000000000000000000457,1,credit_card,6,472.73
o0000000000000000000000000458,1,credit_card,7,474.93
o0000000000000000000000000459,1,credit_card,1,55.39
o0000000000000000000000000459,2,credit_card,6,55.39
o0000000000000000000000000460,1,credit_card,10,244.16
o0000000000000000000000000461,1,voucher,1,358.06
o0000000000000000000000000462,1,credit_card,7,253.37
o0000000000000000000000000463,1,boleto,1,413.6
o0000000000000000000000000464,1,credit_card,6,331.32
o0000000000000000000000000465,1,boleto,1,44.68
o0000000000000000000000000466,1,credit_card,7,132.77
o0000000000000000000000000467,1,debit_card,1,106.17
o0000000000000000000000000468,1,boleto,1,348.31
o0000000000000000000000000469,1,credit_card,1,134.46
o0000000000000000000000000470,1,credit_card,3,184.43
o0000000000000000000000000471,1,credit_card,5,202.85
o0000000000000000000000000471,2,credit_card,10,202.85
o0000000000000000000000000472,1,credit_card,7,198.28
o0000000000000000000000000473,1,credit_card,4,317.51
o0000000000000000000000000474,1,credit_card,3,48.69
o0000000000000000000000000475,1,boleto,1,141.46
o0000000000000000000000000476,1,credit_card,9,510.89
o0000000000000000000000000477,1,credit_card,7,346.02
o0000000000000000000000000478,1,debit_card,1,205.85
o0000000000000000000000000479,1,credit_card,5,228.31
o0000000000000000000000000480,1,boleto,1,253.97
o0000000000000000000000000480,2,boleto,1,253.97
o0000000000000000000000000481,1,credit_card,2,337.92
o0000000000000000000000000482,1,boleto,1,518.08
o0000000000000000000000000483,1,credit_card,5,1104.26
o0000000000000000000000000484,1,boleto,1,1009.02
o0000000000000000000000000485,1,credit_card,1,304.96
o0000000000000000000000000486,1,credit_card,10,369.99
o0000000000000000000000000487,1,credit_card,5,422.54
o0000000000000000000000000488,1,boleto,1,193.01
o0000000000000000000000000488,2,boleto,1,193.01
o0000000000000000000000000489,1,voucher,1,409.01
o0000000000000000000000000490,1,debit_card,1,603.27
o0000000000000000000000000491,1,credit_card,3,340.6
o0000000000000000000000000492,1,credit_card,7,151.47
o0000000000000000000000000493,1,credit_card,2,747.56
o0000000000000000000000000494,1,credit_card,6,380.48
o0000000000000000000000000494,2,credit_card,6,380.48
o0000000000000000000000000495,1,boleto,1,372.5
o0000000000000000000000000496,1,boleto,1,420.68
o0000000000000000000000000497,1,boleto,1,554.68
o0000000000000000000000000498,1,credit_card,4,252.28
o0000000000000000000000000499,1,credit_card,10,173.54
o0000000000000000000000000500,1,credit_card,4,597.84
o0000000000000000000000000501,1,credit_card,7,411.36
o0000000000000000000000000502,1,boleto,1,57.04
o0000000000000000000000000503,1,boleto,1,563.58
o0000000000000000000000000504,1,credit_card,7,385.82
o0000000000000000000000000505,1,credit_card,7,151.88
o0000000000000000000000000506,1,credit_card,8,909.0
o0000000000000000000000000507,1,credit_card,8,244.86
o0000000000000000000000000508,1,credit_card,10,706.58
o0000000000000000000000000509,1,boleto,1,282.18
o0000000000000000000000000509,2,boleto,1,282.18
o0000000000000000000000000510,1,boleto,1,545.83
o0000000000000000000000000511,1,credit_card,3,108.11
o0000000000000000000000000511,2,credit_card,4,108.11
o0000000000000000000000000512,1,boleto,1,283.26
o0000000000000000000000000513,1,voucher,1,546.2
o0000000000000000000000000514,1,credit_card,5,758.36
o0000000000000000000000000515,1,boleto,1,241.34
o0000000000000000000000000516,1,credit_card,4,173.7
o0000000000000000000000000516,2,credit_card,5,173.7
o0000000000000000000000000517,1,boleto,1,344.9
o0000000000000000000000000518,1,boleto,1,202.37
o0000000000000000000000000519,1,credit_card,5,126.08
o0000000000000000000000000520,1,credit_card,7,156.12
o0000000000000000000000000521,1,boleto,1,439.74
o0000000000000000000000000522,1,credit_card,1,108.07
o0000000000000000000000000523,1,credit_card,10,36.48
o0000000000000000000000000523,2,credit_card,3,36.48
o0000000000000000000000000524,1,boleto,1,157.7
o0000000000000000000000000524,2,boleto,1,157.7
o0000000000000000000000000525,1,credit_card,7,820.29
o0000000000000000000000000526,1,boleto,1,580.31
o0000000000000000000000000527,1,credit_card,7,151.77
o0000000000000000000000000528,1,credit_card,6,287.84
o0000000000000000000000000529,1,credit_card,3,500.41
o0000000000000000000000000530,1,boleto,1,111.73
o0000000000000000000000000531,1,credit_card,6,401.82
o0000000000000000000000000532,1,boleto,1,356.6
o0000000000000000000000000533,1,credit_card,1,568.17
o0000000000000000000000000534,1,credit_card,3,537.04
o0000000000000000000000000534,2,credit_card,1,537.04
o0000000000000000000000000535,1,credit_card,9,505.49
o0000000000000000000000000536,1,boleto,1,138.74
o0000000000000000000000000537,1,credit_card,7,154.43
o0000000000000000000000000538,1,boleto,1,288.05
o0000000000000000000000000539,1,debit_card,1,134.71
o0000000000000000000000000540,1,debit_card,1,119.28
o0000000000000000000000000540,2,debit_card,1,119.28
o0000000000000000000000000541,1,voucher,1,189.71
o0000000000000000000000000541,2,voucher,1,189.71
o0000000000000000000000000542,1,credit_card,9,413.54
o0000000000000000000000000543,1,credit_card,4,337.1
o0000000000000000000000000544,1,boleto,1,208.75
o0000000000000000000000000544,2,boleto,1,208.75
o0000000000000000000000000545,1,credit_card,9,1428.97
o0000000000000000000000000546,1,credit_card,8,31.07
o0000000000000000000000000546,2,credit_card,9,31.07
o0000000000000000000000000547,1,credit_card,2,355.59
o0000000000000000000000000548,1,debit_card,1,306.27
o0000000000000000000000000549,1,credit_card,6,182.04
o0000000000000000000000000550,1,credit_card,6,87.49
o0000000000000000000000000550,2,credit_card,5,87.49
o0000000000000000000000000551,1,credit_card,2,115.63
o0000000000000000000000000552,1,debit_card,1,498.52
o0000000000000000000000000553,1,credit_card,1,71.31
o0000000000000000000000000554,1,credit_card,9,385.76
o0000000000000000000000000555,1,credit_card,2,338.94
o0000000000000000000000000556,1,boleto,1,217.37
o0000000000000000000000000557,1,voucher,1,515.21
o0000000000000000000000000557,2,voucher,1,515.21
o0000000000000000000000000558,1,credit_card,6,227.51
o0000000000000000000000000558,2,credit_card,6,227.51
o0000000000000000000000000559,1,boleto,1,202.27
o0000000000000000000000000560,1,credit_card,1,46.28
o0000000000000000000000000561,1,credit_card,3,256.54
o0000000000000000000000000562,1,credit_card,7,304.17
o0000000000000000000000000563,1,voucher,1,384.88
o0000000000000000000000000564,1,credit_card,2,148.24
o0000000000000000000000000565,1,credit_card,2,644.37
o0000000000000000000000000566,1,boleto,1,498.82
o0000000000000000000000000567,1,credit_card,3,133.79
o0000000000000000000000000567,2,credit_card,6,133.79
o0000000000000000000000000568,1,credit_card,10,229.78
o0000000000000000000000000569,1,credit_card,3,174.09
o0000000000000000000000000570,1,credit_card,1,103.92
o0000000000000000000000000571,1,credit_card,3,464.86
o0000000000000000000000000572,1,debit_card,1,360.38
o0000000000000000000000000573,1,credit_card,10,195.17
o0000000000000000000000000574,1,boleto,1,134.07
o0000000000000000000000000574,2,boleto,1,134.07
o0000000000000000000000000575,1,credit_card,4,285.38
o0000000000000000000000000576,1,boleto,1,638.3
o0000000000000000000000000577,1,boleto,1,449.91
o0000000000000000000000000578,1,credit_card,2,150.42
o0000000000000000000000000579,1,credit_card,3,46.97
o0000000000000000000000000580,1,boleto,1,103.9
o0000000000000000000000000581,1,boleto,1,163.21
o0000000000000000000000000582,1,credit_card,3,1000.83
o0000000000000000000000000583,1,credit_card,10,423.12
o0000000000000000000000000584,1,credit_card,4,873.25
o0000000000000000000000000585,1,credit_card,6,211.81
o0000000000000000000000000586,1,boleto,1,187.47
o0000000000000000000000000586,2,boleto,1,187.47
o0000000000000000000000000587,1,credit_card,4,28.89
o0000000000000000000000000587,2,credit_card,1,28.89
o0000000000000000000000000588,1,credit_card,10,59.13
o0000000000000000000000000589,1,credit_card,9,894.59
o0000000000000000000000000590,1,credit_card,6,226.55
o0000000000000000000000000591,1,credit_card,8,175.48
o0000000000000000000000000591,2,credit_card,8,175.48
o0000000000000000000000000592,1,voucher,1,409.94
o0000000000000000000000000592,2,voucher,1,409.94
o0000000000000000000000000593,1,boleto,1,274.97
o0000000000000000000000000594,1,credit_card,8,243.23
o0000000000000000000000000594,2,credit_card,1,243.23
o0000000000000000000000000595,1,credit_card,6,50.83
o0000000000000000000000000595,2,credit_card,1,50.83
o0000000000000000000000000596,1,credit_card,9,132.35
o0000000000000000000000000597,1,credit_card,8,516.55
o0000000000000000000000000598,1,credit_card,10,596.78
o0000000000000000000000000599,1,credit_card,4,308.16
o0000000000000000000000000600,1,voucher,1,185.47
o0000000000000000000000000601,1,credit_card,6,364.8
o0000000000000000000000000602,1,credit_card,6,1059.96
o0000000000000000000000000603,1,credit_card,1,314.19
o0000000000000000000000000604,1,credit_card,10,96.8
o0000000000000000000000000604,2,credit_card,5,96.8
o0000000000000000000000000605,1,voucher,1,1304.82
o0000000000000000000000000606,1,debit_card,1,162.81
o0000000000000000000000000607,1,credit_card,4,167.61
o0000000000000000000000000608,1,credit_card,7,153.04
o0000000000000000000000000609,1,credit_card,10,889.46
o0000000000000000000000000610,1,boleto,1,66.79
o0000000000000000000000000611,1,credit_card,2,105.24
o0000000000000000000000000611,2,credit_card,7,105.24
o0000000000000000000000000612,1,boleto,1,252.06
o0000000000000000000000000613,1,credit_card,5,371.71
o0000000000000000000000000614,1,voucher,1,261.93
o0000000000000000000000000615,1,credit_card,6,1031.99
o0000000000000000000000000616,1,boleto,1,94.24
o0000000000000000000000000617,1,boleto,1,250.75
o0000000000000000000000000618,1,credit_card,2,339.36
o0000000000000000000000000619,1,credit_card,7,316.11
o0000000000000000000000000620,1,debit_card,1,929.87
o0000000000000000000000000621,1,credit_card,6,205.1
o0000000000000000000000000622,1,credit_card,2,280.74
o0000000000000000000000000623,1,boleto,1,282.55
o0000000000000000000000000624,1,credit_card,1,344.93
o0000000000000000000000000625,1,credit_card,6,134.4
o0000000000000000000000000625,2,credit_card,1,134.4
o0000000000000000000000000626,1,credit_card,6,106.94
o0000000000000000000000000627,1,voucher,1,175.93
o0000000000000000000000000627,2,voucher,1,175.93
o0000000000000000000000000628,1,credit_card,8,340.84
o0000000000000000000000000629,1,boleto,1,425.61
o0000000000000000000000000630,1,credit_card,4,358.33
o0000000000000000000000000631,1,debit_card,1,536.3
o0000000000000000000000000632,1,credit_card,10,423.3
o0000000000000000000000000633,1,boleto,1,218.14
o0000000000000000000000000633,2,boleto,1,218.14
o0000000000000000000000000634,1,credit_card,2,70.85
o0000000000000000000000000635,1,credit_card,2,275.27
o0000000000000000000000000636,1,credit_card,10,290.99
o0000000000000000000000000637,1,credit_card,4,46.71
o0000000000000000000000000637,2,credit_card,7,46.71
o0000000000000000000000000638,1,credit_card,2,359.0
o0000000000000000000000000639,1,credit_card,3,239.28
o0000000000000000000000000640,1,boleto,1,79.55
o0000000000000000000000000641,1,credit_card,9,385.14
o0000000000000000000000000642,1,credit_card,8,101.06
o0000000000000000000000000643,1,credit_card,2,65.44
o0000000000000000000000000643,2,credit_card,9,65.44
o0000000000000000000000000644,1,credit_card,8,339.51
o0000000000000000000000000645,1,credit_card,3,707.44
o0000000000000000000000000646,1,credit_card,8,102.45
o0000000000000000000000000646,2,credit_card,5,102.45
o0000000000000000000000000647,1,credit_card,7,47.44
o0000000000000000000000000648,1,credit_card,4,100.91
o0000000000000000000000000649,1,credit_card,9,254.37
o0000000000000000000000000650,1,credit_card,8,517.33
o0000000000000000000000000651,1,credit_card,1,675.47
o0000000000000000000000000652,1,boleto,1,726.41
o0000000000000000000000000653,1,credit_card,3,269.04
o0000000000000000000000000653,2,credit_card,10,269.04
o0000000000000000000000000654,1,credit_card,10,380.35
o0000000000000000000000000655,1,voucher,1,699.21
o0000000000000000000000000656,1,credit_card,7,294.55
o0000000000000000000000000657,1,credit_card,7,868.1
o0000000000000000000000000658,1,credit_card,6,278.68
o0000000000000000000000000659,1,debit_card,1,247.31
o0000000000000000000000000660,1,debit_card,1,426.03
o0000000000000000000000000661,1,boleto,1,165.21
o0000000000000000000000000662,1,boleto,1,740.69
o0000000000000000000000000663,1,boleto,1,308.1
o0000000000000000000000000664,1,credit_card,9,133.36
o0000000000000000000000000665,1,boleto,1,817.05
o0000000000000000000000000666,1,boleto,1,160.26
o0000000000000000000000000667,1,debit_card,1,153.87
o0000000000000000000000000667,2,debit_card,1,153.87
o0000000000000000000000000668,1,boleto,1,598.64
o0000000000000000000000000669,1,boleto,1,141.44
o0000000000000000000000000670,1,voucher,1,43.4
o0000000000000000000000000671,1,credit_card,3,569.07
o0000000000000000000000000672,1,credit_card,7,97.11
o0000000000000000000000000672,2,credit_card,1,97.11
o0000000000000000000000000673,1,boleto,1,518.73
o0000000000000000000000000674,1,credit_card,6,1285.02
o0000000000000000000000000675,1,boleto,1,209.61
o0000000000000000000000000676,1,boleto,1,395.49
o0000000000000000000000000677,1,debit_card,1,179.49
o0000000000000000000000000678,1,credit_card,4,749.08
o0000000000000000000000000679,1,boleto,1,388.22
o0000000000000000000000000680,1,credit_card,2,305.31
o0000000000000000000000000681,1,credit_card,9,620.17
o0000000000000000000000000682,1,credit_card,4,135.22
o0000000000000000000000000683,1,credit_card,2,447.75
o0000000000000000000000000683,2,credit_card,4,447.75
o0000000000000000000000000684,1,credit_card,9,91.93
o0000000000000000000000000684,2,credit_card,4,91.93
o0000000000000000000000000685,1,credit_card,9,398.0
o0000000000000000000000000686,1,credit_card,7,161.53
o0000000000000000000000000686,2,credit_card,3,161.53
o0000000000000000000000000687,1,credit_card,10,116.98
o0000000000000000000000000688,1,credit_card,9,286.58
o0000000000000000000000000689,1,credit_card,4,1242.48
o0000000000000000000000000690,1,boleto,1,332.34
o0000000000000000000000000691,1,credit_card,5,407.34
o0000000000000000000000000692,1,credit_card,2,767.89
o0000000000000000000000000693,1,credit_card,1,128.75
o0000000000000000000000000694,1,credit_card,8,652.53
o0000000000000000000000000695,1,credit_card,9,867.33
o0000000000000000000000000696,1,boleto,1,124.43
o0000000000000000000000000697,1,credit_card,8,53.85
o0000000000000000000000000698,1,credit_card,3,701.25
o0000000000000000000000000699,1,credit_card,2,106.89
o0000000000000000000000000700,1,credit_card,4,165.15
o0000000000000000000000000701,1,debit_card,1,172.99
o0000000000000000000000000701,2,debit_card,1,172.99
o0000000000000000000000000702,1,boleto,1,713.63
o0000000000000000000000000703,1,credit_card,6,179.6
o0000000000000000000000000703,2,credit_card,2,179.6
o0000000000000000000000000704,1,credit_card,8,295.81
o0000000000000000000000000705,1,credit_card,8,127.92
o0000000000000000000000000706,1,credit_card,5,415.96
o0000000000000000000000000707,1,voucher,1,251.22
o0000000000000000000000000708,1,boleto,1,303.28
o0000000000000000000000000709,1,credit_card,6,177.56
o0000000000000000000000000710,1,credit_card,5,339.98
o0000000000000000000000000711,1,credit_card,9,366.82
o0000000000000000000000000711,2,credit_card,9,366.82
o0000000000000000000000000712,1,credit_card,6,377.52
o0000000000000000000000000713,1,credit_card,1,74.24
o0000000000000000000000000714,1,boleto,1,250.66
o0000000000000000000000000715,1,credit_card,3,105.32
o0000000000000000000000000716,1,credit_card,3,171.7
o0000000000000000000000000716,2,credit_card,10,171.7
o0000000000000000000000000717,1,credit_card,5,508.47
o0000000000000000000000000718,1,credit_card,7,344.83
o0000000000000000000000000719,1,credit_card,8,319.91
o0000000000000000000000000720,1,credit_card,7,81.42
o0000000000000000000000000720,2,credit_card,5,81.42
o0000000000000000000000000721,1,credit_card,3,354.11
o0000000000000000000000000721,2,credit_card,6,354.11
o0000000000000000000000000722,1,credit_card,9,61.96
o0000000000000000000000000723,1,credit_card,3,879.82
o0000000000000000000000000724,1,credit_card,4,103.44
o0000000000000000000000000725,1,credit_card,2,288.22
o0000000000000000000000000726,1,credit_card,3,115.58
o0000000000000000000000000727,1,boleto,1,209.9
o0000000000000000000000000728,1,boleto,1,203.61
o0000000000000000000000000728,2,boleto,1,203.61
o0000000000000000000000000729,1,boleto,1,141.98
o0000000000000000000000000730,1,credit_card,2,826.7
o0000000000000000000000000731,1,credit_card,10,591.27
o0000000000000000000000000732,1,boleto,1,261.64
o0000000000000000000000000733,1,boleto,1,206.07
o0000000000000000000000000734,1,boleto,1,652.46
o0000000000000000000000000735,1,credit_card,6,586.73
o0000000000000000000000000736,1,credit_card,9,104.77
o0000000000000000000000000736,2,credit_card,5,104.77
o0000000000000000000000000737,1,credit_card,10,666.57
o0000000000000000000000000738,1,boleto,1,58.62
o0000000000000000000000000739,1,boleto,1,381.25
o0000000000000000000000000740,1,credit_card,10,221.38
o0000000000000000000000000741,1,credit_card,8,241.2
o0000000000000000000000000742,1,credit_card,6,270.16
o0000000000000000000000000743,1,boleto,1,55.8
o0000000000000000000000000743,2,boleto,1,55.8
o0000000000000000000000000744,1,credit_card,1,361.59
o0000000000000000000000000745,1,boleto,1,293.36
o0000000000000000000000000746,1,credit_card,4,675.17
o0000000000000000000000000747,1,credit_card,6,560.64
o0000000000000000000000000748,1,boleto,1,348.62
o0000000000000000000000000749,1,credit_card,2,78.04
o0000000000000000000000000750,1,credit_card,2,117.58
o0000000000000000000000000751,1,credit_card,7,232.91
o0000000000000000000000000752,1,credit_card,10,48.56
o0000000000000000000000000753,1,boleto,1,265.63
o0000000000000000000000000753,2,boleto,1,265.63
o0000000000000000000000000754,1,credit_card,8,398.33
o0000000000000000000000000755,1,boleto,1,255.24
o0000000000000000000000000756,1,boleto,1,190.28
o0000000000000000000000000756,2,boleto,1,190.28
o0000000000000000000000000757,1,boleto,1,252.95
o0000000000000000000000000758,1,credit_card,10,180.83
o0000000000000000000000000759,1,credit_card,7,330.58
o0000000000000000000000000760,1,credit_card,2,273.43
o0000000000000000000000000761,1,credit_card,3,226.71
o0000000000000000000000000762,1,credit_card,5,82.54
o0000000000000000000000000762,2,credit_card,7,82.54
o0000000000000000000000000763,1,credit_card,2,155.84
o0000000000000000000000000764,1,credit_card,10,244.75
o0000000000000000000000000765,1,boleto,1,138.51
o0000000000000000000000000766,1,credit_card,1,206.76
o0000000000000000000000000767,1,credit_card,3,132.21
o0000000000000000000000000768,1,credit_card,9,584.4
o0000000000000000000000000769,1,credit_card,9,290.6
o0000000000000000000000000770,1,boleto,1,346.05
o0000000000000000000000000771,1,credit_card,2,33.37
o0000000000000000000000000772,1,boleto,1,343.16
o0000000000000000000000000773,1,credit_card,7,400.88
o0000000000000000000000000774,1,credit_card,3,275.98
o0000000000000000000000000775,1,debit_card,1,252.09
o0000000000000000000000000776,1,credit_card,7,714.69
o0000000000000000000000000777,1,credit_card,2,488.09
o0000000000000000000000000778,1,credit_card,1,217.16
o0000000000000000000000000779,1,boleto,1,248.64
o0000000000000000000000000780,1,credit_card,2,148.51
o0000000000000000000000000781,1,credit_card,6,137.28
o0000000000000000000000000782,1,credit_card,2,346.11
o0000000000000000000000000783,1,credit_card,2,648.44
o0000000000000000000000000784,1,credit_card,7,276.34
o0000000000000000000000000785,1,credit_card,7,399.19
o0000000000000000000000000786,1,credit_card,3,533.82
o0000000000000000000000000786,2,credit_card,5,533.82
o0000000000000000000000000787,1,voucher,1,192.3
o0000000000000000000000000788,1,credit_card,1,1150.29
o0000000000000000000000000789,1,credit_card,2,305.11
o0000000000000000000000000790,1,credit_card,10,107.7
o0000000000000000000000000791,1,boleto,1,282.23
o0000000000000000000000000792,1,credit_card,2,262.54
o0000000000000000000000000792,2,credit_card,4,262.54
o0000000000000000000000000793,1,boleto,1,311.19
o0000000000000000000000000794,1,credit_card,1,33.27
o0000000000000000000000000795,1,credit_card,8,216.61
o0000000000000000000000000796,1,credit_card,3,70.8
o0000000000000000000000000796,2,credit_card,4,70.8
o0000000000000000000000000797,1,credit_card,6,203.75
o0000000000000000000000000798,1,credit_card,2,325.05
o0000000000000000000000000799,1,credit_card,8,88.0
o0000000000000000000000000800,1,credit_card,4,238.12
o0000000000000000000000000800,2,credit_card,9,238.12
o0000000000000000000000000801,1,credit_card,10,406.07
o0000000000000000000000000802,1,credit_card,8,98.6
o0000000000000000000000000803,1,credit_card,3,309.97
o0000000000000000000000000804,1,credit_card,9,374.19
o0000000000000000000000000805,1,credit_card,3,239.95
o0000000000000000000000000806,1,credit_card,6,267.99
o0000000000000000000000000807,1,credit_card,8,308.92
o0000000000000000000000000808,1,voucher,1,130.13
o0000000000000000000000000809,1,credit_card,1,241.06
o0000000000000000000000000810,1,credit_card,10,219.55
o0000000000000000000000000811,1,credit_card,2,315.14
o0000000000000000000000000812,1,boleto,1,72.02
o0000000000000000000000000813,1,credit_card,8,205.34
o0000000000000000000000000814,1,credit_card,3,113.27
o0000000000000000000000000814,2,credit_card,1,113.27
o0000000000000000000000000815,1,credit_card,4,581.05
o0000000000000000000000000816,1,debit_card,1,256.36
o0000000000000000000000000817,1,credit_card,3,80.31
o0000000000000000000000000817,2,credit_card,3,80.31
o0000000000000000000000000818,1,credit_card,9,508.66
o0000000000000000000000000819,1,credit_card,8,163.9
o0000000000000000000000000820,1,credit_card,9,727.52
o0000000000000000000000000821,1,credit_card,6,114.98
o0000000000000000000000000822,1,credit_card,7,383.75
o0000000000000000000000000823,1,credit_card,7,282.32
o0000000000000000000000000824,1,credit_card,5,107.35
o0000000000000000000000000825,1,credit_card,7,194.32
o0000000000000000000000000826,1,credit_card,10,106.61
o0000000000000000000000000827,1,credit_card,5,229.0
o0000000000000000000000000827,2,credit_card,10,229.0
o0000000000000000000000000828,1,credit_card,5,379.69
o0000000000000000000000000829,1,credit_card,3,242.49
o0000000000000000000000000830,1,credit_card,6,98.64
o0000000000000000000000000831,1,credit_card,8,412.14
o0000000000000000000000000832,1,credit_card,1,561.72
o0000000000000000000000000833,1,credit_card,1,628.31
o0000000000000000000000000834,1,credit_card,7,343.67
o0000000000000000000000000835,1,debit_card,1,320.26
o0000000000000000000000000836,1,boleto,1,283.59
o0000000000000000000000000836,2,boleto,1,283.59
o0000000000000000000000000837,1,credit_card,5,529.55
o0000000000000000000000000838,1,credit_card,6,439.96
o0000000000000000000000000839,1,credit_card,9,299.42
o0000000000000000000000000840,1,credit_card,9,167.3
o0000000000000000000000000840,2,credit_card,2,167.3
o0000000000000000000000000841,1,credit_card,5,285.11
o0000000000000000000000000841,2,credit_card,9,285.11
o0000000000000000000000000842,1,boleto,1,144.08
o0000000000000000000000000842,2,boleto,1,144.08
o0000000000000000000000000843,1,credit_card,10,140.49
o0000000000000000000000000844,1,voucher,1,364.45
o0000000000000000000000000845,1,voucher,1,450.23
o0000000000000000000000000846,1,credit_card,10,859.83
o0000000000000000000000000847,1,credit_card,6,253.81
o0000000000000000000000000848,1,boleto,1,239.41
o0000000000000000000000000849,1,boleto,1,615.8
o0000000000000000000000000850,1,credit_card,3,727.09
o0000000000000000000000000851,1,credit_card,6,644.57
o0000000000000000000000000852,1,credit_card,6,69.03
o0000000000000000000000000853,1,credit_card,1,170.69
o0000000000000000000000000854,1,credit_card,6,383.34
o0000000000000000000000000855,1,credit_card,9,400.88
o0000000000000000000000000856,1,boleto,1,371.93
o0000000000000000000000000857,1,voucher,1,42.47
o0000000000000000000000000858,1,debit_card,1,160.93
o0000000000000000000000000859,1,debit_card,1,710.16
o0000000000000000000000000860,1,credit_card,10,709.56
o0000000000000000000000000861,1,credit_card,7,141.37
o0000000000000000000000000861,2,credit_card,7,141.37
o0000000000000000000000000862,1,voucher,1,236.33
o0000000000000000000000000863,1,credit_card,4,127.32
o0000000000000000000000000863,2,credit_card,1,127.32
o0000000000000000000000000864,1,credit_card,8,33.83
o0000000000000000000000000864,2,credit_card,5,33.83
o0000000000000000000000000865,1,credit_card,5,176.91
o0000000000000000000000000866,1,credit_card,1,84.25
o0000000000000000000000000867,1,credit_card,2,289.75
o0000000000000000000000000868,1,debit_card,1,348.08
o0000000000000000000000000869,1,credit_card,1,528.56
o0000000000000000000000000870,1,credit_card,10,521.34
o0000000000000000000000000871,1,credit_card,1,446.41
o0000000000000000000000000872,1,credit_card,7,377.27
o0000000000000000000000000873,1,boleto,1,168.55
o0000000000000000000000000873,2,boleto,1,168.55
o0000000000000000000000000874,1,credit_card,5,550.19
o0000000000000000000000000875,1,boleto,1,40.25
o0000000000000000000000000876,1,boleto,1,723.1
o0000000000000000000000000877,1,credit_card,4,212.92
o0000000000000000000000000878,1,boleto,1,167.04
o0000000000000000000000000878,2,boleto,1,167.04
o0000000000000000000000000879,1,credit_card,7,779.92
o0000000000000000000000000880,1,voucher,1,40.46
o0000000000000000000000000881,1,credit_card,8,434.47
o0000000000000000000000000881,2,credit_card,7,434.47
o0000000000000000000000000882,1,boleto,1,456.41
o0000000000000000000000000883,1,credit_card,7,74.03
o0000000000000000000000000883,2,credit_card,1,74.03
o0000000000000000000000000884,1,boleto,1,205.16
o0000000000000000000000000884,2,boleto,1,205.16
o0000000000000000000000000885,1,debit_card,1,159.44
o0000000000000000000000000886,1,boleto,1,496.77
o0000000000000000000000000887,1,boleto,1,416.28
o0000000000000000000000000888,1,credit_card,2,588.95
o0000000000000000000000000889,1,credit_card,1,343.4
o0000000000000000000000000890,1,credit_card,9,635.91
o0000000000000000000000000891,1,credit_card,5,445.1
o0000000000000000000000000892,1,boleto,1,59.74
o0000000000000000000000000892,2,boleto,1,59.74
o0000000000000000000000000893,1,debit_card,1,191.72
o0000000000000000000000000894,1,boleto,1,436.36
o0000000000000000000000000895,1,boleto,1,546.32
o0000000000000000000000000896,1,credit_card,8,376.36
o0000000000000000000000000897,1,credit_card,5,341.43
o0000000000000000000000000898,1,credit_card,4,683.27
o0000000000000000000000000899,1,boleto,1,966.75
o0000000000000000000000000900,1,credit_card,10,104.5
o0000000000000000000000000901,1,credit_card,4,419.33
o0000000000000000000000000902,1,credit_card,10,840.24
o0000000000000000000000000903,1,credit_card,1,548.41
o0000000000000000000000000903,2,credit_card,2,548.41
o0000000000000000000000000904,1,credit_card,1,155.75
o0000000000000000000000000905,1,credit_card,8,399.04
o0000000000000000000000000906,1,credit_card,4,422.21
o0000000000000000000000000907,1,voucher,1,404.14
o0000000000000000000000000908,1,boleto,1,518.55
o0000000000000000000000000909,1,credit_card,9,481.28
o0000000000000000000000000909,2,credit_card,3,481.28
o0000000000000000000000000910,1,credit_card,4,374.07
o0000000000000000000000000910,2,credit_card,3,374.07
o0000000000000000000000000911,1,credit_card,1,246.91
o0000000000000000000000000912,1,credit_card,8,535.29
o0000000000000000000000000913,1,boleto,1,47.54
o0000000000000000000000000913,2,boleto,1,47.54
o0000000000000000000000000914,1,credit_card,2,259.21
o0000000000000000000000000915,1,credit_card,4,414.99
o0000000000000000000000000916,1,boleto,1,301.55
o0000000000000000000000000917,1,boleto,1,699.03
o0000000000000000000000000918,1,credit_card,7,310.73
o0000000000000000000000000919,1,credit_card,2,263.95
o0000000000000000000000000920,1,credit_card,7,243.77
o0000000000000000000000000920,2,credit_card,1,243.77
o0000000000000000000000000921,1,credit_card,4,243.21
o0000000000000000000000000921,2,credit_card,5,243.21
o0000000000000000000000000922,1,credit_card,2,38.44
o0000000000000000000000000922,2,credit_card,6,38.44
o0000000000000000000000000923,1,credit_card,2,55.69
o0000000000000000000000000923,2,credit_card,5,55.69
o0000000000000000000000000924,1,credit_card,8,126.34
o0000000000000000000000000924,2,credit_card,5,126.34
o0000000000000000000000000925,1,credit_card,6,552.1
o0000000000000000000000000925,2,credit_card,5,552.1
o0000000000000000000000000926,1,boleto,1,500.93
o0000000000000000000000000927,1,boleto,1,287.42
o0000000000000000000000000928,1,credit_card,3,345.39
o0000000000000000000000000929,1,credit_card,10,375.71
o0000000000000000000000000930,1,boleto,1,566.38
o0000000000000000000000000931,1,boleto,1,86.06
o0000000000000000000000000932,1,credit_card,1,235.95
o0000000000000000000000000933,1,credit_card,5,876.7
o0000000000000000000000000934,1,credit_card,1,214.83
o0000000000000000000000000935,1,credit_card,7,289.39
o0000000000000000000000000936,1,credit_card,4,86.32
o0000000000000000000000000937,1,credit_card,6,328.68
o0000000000000000000000000938,1,credit_card,3,217.17
o0000000000000000000000000939,1,voucher,1,245.98
o0000000000000000000000000940,1,credit_card,6,196.71
o0000000000000000000000000941,1,credit_card,9,543.42
o0000000000000000000000000942,1,credit_card,10,600.16
o0000000000000000000000000943,1,credit_card,4,348.8
o0000000000000000000000000944,1,voucher,1,112.03
o0000000000000000000000000945,1,boleto,1,361.76
o0000000000000000000000000946,1,boleto,1,345.8
o0000000000000000000000000947,1,credit_card,3,202.57
o0000000000000000000000000948,1,boleto,1,359.04
o0000000000000000000000000949,1,voucher,1,390.53
o0000000000000000000000000950,1,credit_card,3,335.07
o0000000000000000000000000951,1,debit_card,1,50.98
o0000000000000000000000000951,2,debit_card,1,50.98
o0000000000000000000000000952,1,credit_card,9,308.1
o0000000000000000000000000953,1,credit_card,4,162.35
o0000000000000000000000000954,1,credit_card,7,372.89
o0000000000000000000000000955,1,voucher,1,79.14
o0000000000000000000000000956,1,credit_card,7,200.74
o0000000000000000000000000957,1,credit_card,10,225.93
o0000000000000000000000000958,1,credit_card,9,168.04
o0000000000000000000000000959,1,credit_card,2,259.57
o0000000000000000000000000960,1,credit_card,4,312.7
o0000000000000000000000000961,1,credit_card,2,29.59
o0000000000000000000000000962,1,voucher,1,174.44
o0000000000000000000000000962,2,voucher,1,174.44
o0000000000000000000000000963,1,boleto,1,210.84
o0000000000000000000000000963,2,boleto,1,210.84
o0000000000000000000000000964,1,credit_card,8,128.47
o0000000000000000000000000965,1,boleto,1,370.7
o0000000000000000000000000966,1,credit_card,6,1135.79
o0000000000000000000000000967,1,credit_card,3,704.12
o0000000000000000000000000968,1,credit_card,9,821.74
o0000000000000000000000000969,1,credit_card,1,403.02
o0000000000000000000000000970,1,voucher,1,424.68
o0000000000000000000000000971,1,credit_card,8,649.23
o0000000000000000000000000972,1,credit_card,4,245.9
o0000000000000000000000000973,1,credit_card,10,222.57
o0000000000000000000000000974,1,debit_card,1,265.74
o0000000000000000000000000975,1,credit_card,8,257.83
o0000000000000000000000000976,1,credit_card,10,101.38
o0000000000000000000000000977,1,boleto,1,103.16
o0000000000000000000000000978,1,voucher,1,315.75
o0000000000000000000000000979,1,credit_card,5,155.06
o0000000000000000000000000979,2,credit_card,9,155.06
o0000000000000000000000000980,1,credit_card,5,967.69
o0000000000000000000000000981,1,credit_card,3,355.37
o0000000000000000000000000982,1,credit_card,6,90.97
o0000000000000000000000000983,1,boleto,1,295.53
o0000000000000000000000000984,1,credit_card,1,396.28
o0000000000000000000000000985,1,voucher,1,79.52
o0000000000000000000000000986,1,boleto,1,706.55
o0000000000000000000000000987,1,voucher,1,54.93
o0000000000000000000000000988,1,credit_card,9,346.52
o0000000000000000000000000989,1,credit_card,3,279.77
o0000000000000000000000000990,1,credit_card,6,630.47
o0000000000000000000000000991,1,credit_card,10,70.47
o0000000000000000000000000992,1,credit_card,2,179.99
o0000000000000000000000000993,1,credit_card,7,355.53
o0000000000000000000000000994,1,credit_card,5,435.16
o0000000000000000000000000995,1,boleto,1,189.22
o0000000000000000000000000996,1,voucher,1,343.78
o0000000000000000000000000996,2,voucher,1,343.78
o0000000000000000000000000997,1,credit_card,5,284.84
o0000000000000000000000000998,1,credit_card,2,360.11
o0000000000000000000000000999,1,credit_card,8,428.45
o0000000000000000000000001000,1,credit_card,5,389.84
o0000000000000000000000001001,1,debit_card,1,426.29
o0000000000000000000000001001,2,debit_card,1,426.29
o0000000000000000000000001002,1,credit_card,9,221.35
o0000000000000000000000001003,1,credit_card,1,153.6
o0000000000000000000000001004,1,debit_card,1,574.84
o0000000000000000000000001005,1,credit_card,10,301.89
o0000000000000000000000001006,1,boleto,1,560.6
o0000000000000000000000001007,1,boleto,1,403.53
o0000000000000000000000001008,1,boleto,1,473.33
o0000000000000000000000001009,1,boleto,1,260.68
o0000000000000000000000001010,1,voucher,1,386.93
o0000000000000000000000001011,1,credit_card,3,330.63
o0000000000000000000000001012,1,debit_card,1,604.01
o0000000000000000000000001013,1,credit_card,5,40.48
o0000000000000000000000001014,1,credit_card,4,307.67
o0000000000000000000000001015,1,credit_card,3,689.09
o0000000000000000000000001016,1,credit_card,6,281.58
o0000000000000000000000001017,1,credit_card,10,1133.27
o0000000000000000000000001018,1,credit_card,7,738.84
o0000000000000000000000001019,1,debit_card,1,386.67
o0000000000000000000000001020,1,credit_card,7,704.6
o0000000000000000000000001021,1,voucher,1,157.44
o0000000000000000000000001021,2,voucher,1,157.44
o0000000000000000000000001022,1,boleto,1,315.97
o0000000000000000000000001023,1,credit_card,10,499.06
o0000000000000000000000001024,1,credit_card,10,134.82
o0000000000000000000000001025,1,credit_card,5,118.18
o0000000000000000000000001026,1,credit_card,8,629.24
o0000000000000000000000001027,1,credit_card,4,151.23
o0000000000000000000000001028,1,credit_card,6,169.12
o0000000000000000000000001029,1,credit_card,10,376.71
o0000000000000000000000001030,1,credit_card,1,343.17
o0000000000000000000000001031,1,credit_card,5,725.29
o0000000000000000000000001032,1,credit_card,9,255.18
o0000000000000000000000001033,1,debit_card,1,275.17
o0000000000000000000000001034,1,credit_card,2,630.64
o0000000000000000000000001035,1,credit_card,6,198.75
o0000000000000000000000001035,2,credit_card,10,198.75
o0000000000000000000000001036,1,voucher,1,434.76
o0000000000000000000000001037,1,credit_card,2,724.12
o0000000000000000000000001038,1,credit_card,5,637.17
o0000000000000000000000001039,1,credit_card,3,532.14
o0000000000000000000000001040,1,credit_card,8,220.63
o0000000000000000000000001041,1,credit_card,1,375.84
o0000000000000000000000001042,1,boleto,1,270.3
o0000000000000000000000001043,1,credit_card,7,232.18
o0000000000000000000000001044,1,credit_card,8,236.11
o0000000000000000000000001045,1,boleto,1,145.68
o0000000000000000000000001046,1,credit_card,9,242.17
o0000000000000000000000001047,1,credit_card,4,395.37
o0000000000000000000000001048,1,credit_card,8,232.74
o0000000000000000000000001049,1,credit_card,8,146.39
o0000000000000000000000001049,2,credit_card,6,146.39
o0000000000000000000000001050,1,boleto,1,399.54
o0000000000000000000000001051,1,credit_card,8,465.25
o0000000000000000000000001052,1,credit_card,9,126.54
o0000000000000000000000001053,1,credit_card,3,417.73
o0000000000000000000000001054,1,boleto,1,526.53
o0000000000000000000000001055,1,boleto,1,298.95
o0000000000000000000000001056,1,credit_card,4,346.03
o0000000000000000000000001057,1,debit_card,1,280.56
o0000000000000000000000001058,1,voucher,1,704.12
o0000000000000000000000001059,1,boleto,1,1031.79
o0000000000000000000000001060,1,boleto,1,560.09
o0000000000000000000000001061,1,credit_card,6,132.36
o0000000000000000000000001062,1,credit_card,10,200.09
o0000000000000000000000001063,1,voucher,1,304.85
o0000000000000000000000001064,1,credit_card,2,428.33
o0000000000000000000000001065,1,credit_card,2,332.56
o0000000000000000000000001066,1,boleto,1,401.06
o0000000000000000000000001066,2,boleto,1,401.06
o0000000000000000000000001067,1,credit_card,6,569.12
o0000000000000000000000001067,2,credit_card,8,569.12
o0000000000000000000000001068,1,debit_card,1,400.44
o0000000000000000000000001069,1,credit_card,2,141.17
o0000000000000000000000001070,1,credit_card,1,740.99
o0000000000000000000000001071,1,boleto,1,243.43
o0000000000000000000000001072,1,credit_card,2,271.37
o0000000000000000000000001073,1,credit_card,3,722.72
o0000000000000000000000001074,1,credit_card,5,884.9
o0000000000000000000000001075,1,credit_card,4,263.92
o0000000000000000000000001076,1,credit_card,7,467.61
o0000000000000000000000001077,1,boleto,1,262.85
o0000000000000000000000001078,1,credit_card,5,171.67
o0000000000000000000000001079,1,credit_card,4,605.54
o0000000000000000000000001080,1,credit_card,4,398.89
o0000000000000000000000001081,1,credit_card,8,124.26
o0000000000000000000000001082,1,credit_card,4,51.6
o0000000000000000000000001083,1,credit_card,3,102.14
o0000000000000000000000001083,2,credit_card,10,102.14
o0000000000000000000000001084,1,credit_card,6,225.11
o0000000000000000000000001085,1,credit_card,10,187.13
o0000000000000000000000001086,1,credit_card,2,395.07
o0000000000000000000000001087,1,credit_card,9,49.44
o0000000000000000000000001088,1,boleto,1,553.36
o0000000000000000000000001089,1,debit_card,1,102.76
o0000000000000000000000001090,1,credit_card,8,181.12
o0000000000000000000000001091,1,boleto,1,238.46
o0000000000000000000000001092,1,credit_card,8,205.17
o0000000000000000000000001092,2,credit_card,5,205.17
o0000000000000000000000001093,1,boleto,1,127.86
o0000000000000000000000001093,2,boleto,1,127.86
o0000000000000000000000001094,1,credit_card,1,711.19
o0000000000000000000000001095,1,credit_card,3,417.4
o0000000000000000000000001096,1,debit_card,1,566.37
o0000000000000000000000001097,1,debit_card,1,297.02
o0000000000000000000000001098,1,boleto,1,207.15
o0000000000000000000000001099,1,voucher,1,286.75
o0000000000000000000000001100,1,debit_card,1,591.33
o0000000000000000000000001101,1,credit_card,5,111.17
o0000000000000000000000001102,1,boleto,1,71.12
o0000000000000000000000001103,1,boleto,1,268.76
o0000000000000000000000001104,1,credit_card,7,830.24
o0000000000000000000000001105,1,credit_card,7,745.25
o0000000000000000000000001106,1,debit_card,1,945.57
o0000000000000000000000001107,1,credit_card,3,241.12
o0000000000000000000000001108,1,credit_card,10,604.71
o0000000000000000000000001109,1,boleto,1,55.66
o0000000000000000000000001110,1,credit_card,8,599.69
o0000000000000000000000001111,1,credit_card,6,93.66
o0000000000000000000000001112,1,credit_card,4,226.82
o0000000000000000000000001113,1,credit_card,7,36.73
o0000000000000000000000001113,2,credit_card,6,36.73
o0000000000000000000000001114,1,boleto,1,156.89
o0000000000000000000000001115,1,credit_card,2,199.61
o0000000000000000000000001116,1,credit_card,5,432.32
o0000000000000000000000001117,1,voucher,1,274.27
o0000000000000000000000001118,1,credit_card,5,412.52
o0000000000000000000000001119,1,debit_card,1,65.14
o0000000000000000000000001120,1,credit_card,4,157.49
o0000000000000000000000001121,1,credit_card,4,941.83
o0000000000000000000000001122,1,voucher,1,268.8
o0000000000000000000000001123,1,credit_card,10,619.65
o0000000000000000000000001124,1,credit_card,5,124.94
o0000000000000000000000001125,1,credit_card,3,647.06
o0000000000000000000000001126,1,credit_card,10,538.26
o0000000000000000000000001127,1,boleto,1,429.93
o0000000000000000000000001128,1,credit_card,4,373.32
o0000000000000000000000001129,1,credit_card,2,321.29
o0000000000000000000000001130,1,credit_card,2,320.83
o0000000000000000000000001131,1,credit_card,5,819.93
o0000000000000000000000001132,1,debit_card,1,327.31
o0000000000000000000000001133,1,credit_card,9,674.52
o0000000000000000000000001134,1,credit_card,4,147.36
o0000000000000000000000001135,1,credit_card,6,206.26
o0000000000000000000000001136,1,credit_card,3,798.52
o0000000000000000000000001137,1,boleto,1,564.28
o0000000000000000000000001138,1,credit_card,4,1247.85
o0000000000000000000000001139,1,credit_card,1,233.44
o0000000000000000000000001140,1,credit_card,2,325.05
o0000000000000000000000001141,1,credit_card,4,297.05
o0000000000000000000000001141,2,credit_card,8,297.05
o0000000000000000000000001142,1,credit_card,1,320.26
o0000000000000000000000001143,1,credit_card,7,225.02
o0000000000000000000000001144,1,credit_card,3,188.44
o0000000000000000000000001145,1,credit_card,3,1042.49
o0000000000000000000000001146,1,credit_card,3,347.82
o0000000000000000000000001147,1,boleto,1,334.07
o0000000000000000000000001147,2,boleto,1,334.07
o0000000000000000000000001148,1,voucher,1,70.37
o0000000000000000000000001149,1,boleto,1,523.71
o0000000000000000000000001150,1,credit_card,4,526.57
o0000000000000000000000001151,1,voucher,1,572.84
o0000000000000000000000001152,1,credit_card,10,275.26
o0000000000000000000000001153,1,credit_card,5,121.73
o0000000000000000000000001153,2,credit_card,1,121.73
o0000000000000000000000001154,1,credit_card,4,134.67
o0000000000000000000000001155,1,credit_card,4,397.07
o0000000000000000000000001156,1,credit_card,6,266.2
o0000000000000000000000001157,1,credit_card,3,130.5
o0000000000000000000000001158,1,credit_card,1,163.94
o0000000000000000000000001158,2,credit_card,3,163.94
o0000000000000000000000001159,1,credit_card,9,150.69
o0000000000000000000000001160,1,credit_card,1,794.87
o0000000000000000000000001161,1,credit_card,6,346.12
o0000000000000000000000001162,1,boleto,1,280.85
o0000000000000000000000001163,1,credit_card,7,193.85
o0000000000000000000000001164,1,credit_card,3,563.56
o0000000000000000000000001165,1,credit_card,6,185.61
o0000000000000000000000001166,1,credit_card,9,175.42
o0000000000000000000000001167,1,credit_card,1,291.65
o0000000000000000000000001168,1,credit_card,1,148.12
o0000000000000000000000001168,2,credit_card,6,148.12
o0000000000000000000000001169,1,credit_card,10,109.45
o0000000000000000000000001170,1,credit_card,5,924.28
o0000000000000000000000001171,1,credit_card,10,339.27
o0000000000000000000000001172,1,credit_card,6,712.62
o0000000000000000000000001173,1,credit_card,2,59.65
o0000000000000000000000001174,1,voucher,1,125.34
o0000000000000000000000001175,1,boleto,1,386.4
o0000000000000000000000001176,1,credit_card,3,445.31
o0000000000000000000000001177,1,debit_card,1,608.61
o0000000000000000000000001178,1,boleto,1,329.39
o0000000000000000000000001179,1,credit_card,4,333.39
o0000000000000000000000001180,1,credit_card,2,115.84
o0000000000000000000000001180,2,credit_card,2,115.84
o0000000000000000000000001181,1,credit_card,1,314.98
o0000000000000000000000001182,1,boleto,1,314.34
o0000000000000000000000001183,1,credit_card,6,424.86
o0000000000000000000000001184,1,debit_card,1,531.91
o0000000000000000000000001185,1,boleto,1,872.51
o0000000000000000000000001186,1,credit_card,9,263.78
o0000000000000000000000001186,2,credit_card,7,263.78
o0000000000000000000000001187,1,credit_card,9,99.38
o0000000000000000000000001188,1,boleto,1,736.49
o0000000000000000000000001189,1,boleto,1,114.95
o0000000000000000000000001190,1,credit_card,6,183.52
o0000000000000000000000001191,1,credit_card,6,168.02
o0000000000000000000000001192,1,credit_card,6,839.63
o0000000000000000000000001193,1,credit_card,3,329.47
o0000000000000000000000001193,2,credit_card,6,329.47
o0000000000000000000000001194,1,credit_card,7,622.5
o0000000000000000000000001195,1,credit_card,5,133.84
o0000000000000000000000001196,1,credit_card,9,62.1
o0000000000000000000000001197,1,credit_card,1,683.34
o0000000000000000000000001198,1,boleto,1,309.29
o0000000000000000000000001199,1,credit_card,8,338.3
o0000000000000000000000001200,1,credit_card,2,845.29
o0000000000000000000000001201,1,credit_card,10,386.62
o0000000000000000000000001202,1,credit_card,5,199.57
o0000000000000000000000001203,1,credit_card,7,195.65
o0000000000000000000000001204,1,credit_card,2,186.41
o0000000000000000000000001205,1,credit_card,3,388.92
o0000000000000000000000001206,1,boleto,1,102.4
o0000000000000000000000001206,2,boleto,1,102.4
o0000000000000000000000001207,1,credit_card,5,370.56
o0000000000000000000000001208,1,boleto,1,110.04
o0000000000000000000000001209,1,credit_card,7,216.03
o0000000000000000000000001210,1,debit_card,1,812.8
o0000000000000000000000001211,1,voucher,1,355.02
o0000000000000000000000001212,1,boleto,1,179.57
o0000000000000000000000001212,2,boleto,1,179.57
o0000000000000000000000001213,1,credit_card,6,91.05
o0000000000000000000000001214,1,boleto,1,434.38
o0000000000000000000000001215,1,credit_card,10,314.05
o0000000000000000000000001216,1,credit_card,5,69.32
o0000000000000000000000001216,2,credit_card,9,69.32
o0000000000000000000000001217,1,credit_card,8,244.09
o0000000000000000000000001218,1,debit_card,1,646.11
o0000000000000000000000001219,1,boleto,1,243.55
o0000000000000000000000001220,1,credit_card,10,303.49
o0000000000000000000000001221,1,credit_card,7,422.61
o0000000000000000000000001222,1,credit_card,8,291.66
o0000000000000000000000001223,1,voucher,1,242.85
o0000000000000000000000001224,1,voucher,1,384.46
o0000000000000000000000001225,1,credit_card,2,867.02
o0000000000000000000000001226,1,credit_card,9,444.14
o0000000000000000000000001226,2,credit_card,4,444.14
o0000000000000000000000001227,1,credit_card,6,251.94
o0000000000000000000000001228,1,boleto,1,103.05
o0000000000000000000000001229,1,credit_card,10,416.88
o0000000000000000000000001230,1,voucher,1,158.23
o0000000000000000000000001230,2,voucher,1,158.23
o0000000000000000000000001231,1,credit_card,5,98.45
o0000000000000000000000001232,1,credit_card,7,94.86
o0000000000000000000000001232,2,credit_card,1,94.86
o0000000000000000000000001233,1,boleto,1,503.11
o0000000000000000000000001233,2,boleto,1,503.11
o0000000000000000000000001234,1,credit_card,10,180.64
o0000000000000000000000001235,1,credit_card,2,232.98
o0000000000000000000000001236,1,voucher,1,139.43
o0000000000000000000000001237,1,credit_card,10,424.1
o0000000000000000000000001238,1,credit_card,9,373.09
o0000000000000000000000001238,2,credit_card,2,373.09
o0000000000000000000000001239,1,credit_card,10,352.26
o0000000000000000000000001240,1,credit_card,8,175.64
o0000000000000000000000001240,2,credit_card,2,175.64
o0000000000000000000000001241,1,credit_card,2,33.2
o0000000000000000000000001241,2,credit_card,8,33.2
o0000000000000000000000001242,1,credit_card,8,175.86
o0000000000000000000000001242,2,credit_card,2,175.86
o0000000000000000000000001243,1,boleto,1,281.73
o0000000000000000000000001244,1,credit_card,2,683.53
o0000000000000000000000001245,1,credit_card,2,321.79
o0000000000000000000000001246,1,credit_card,9,222.12
o0000000000000000000000001247,1,boleto,1,354.34
o0000000000000000000000001248,1,credit_card,7,582.13
o0000000000000000000000001249,1,credit_card,6,209.88
o0000000000000000000000001250,1,credit_card,9,365.33
o0000000000000000000000001251,1,credit_card,7,322.0
o0000000000000000000000001252,1,credit_card,1,386.21
o0000000000000000000000001253,1,credit_card,9,411.39
o0000000000000000000000001254,1,voucher,1,221.17
o0000000000000000000000001255,1,credit_card,9,173.53
o0000000000000000000000001256,1,credit_card,9,251.89
o0000000000000000000000001257,1,credit_card,5,75.0
o0000000000000000000000001258,1,credit_card,4,585.69
o0000000000000000000000001259,1,boleto,1,661.46
o0000000000000000000000001260,1,credit_card,5,1020.98
o0000000000000000000000001261,1,credit_card,3,15.27
o0000000000000000000000001261,2,credit_card,3,15.27
o0000000000000000000000001262,1,credit_card,10,779.94
o0000000000000000000000001263,1,boleto,1,430.53
o0000000000000000000000001264,1,credit_card,6,917.46
o0000000000000000000000001265,1,credit_card,5,431.1
o0000000000000000000000001266,1,credit_card,5,431.84
o0000000000000000000000001267,1,debit_card,1,614.39
o0000000000000000000000001268,1,credit_card,6,204.58
o0000000000000000000000001269,1,credit_card,10,88.13
o0000000000000000000000001270,1,credit_card,8,410.97
o0000000000000000000000001271,1,credit_card,5,173.45
o0000000000000000000000001271,2,credit_card,6,173.45
o0000000000000000000000001272,1,credit_card,8,102.04
o0000000000000000000000001273,1,credit_card,9,286.2
o0000000000000000000000001274,1,boleto,1,87.93
o0000000000000000000000001275,1,credit_card,7,359.85
o0000000000000000000000001275,2,credit_card,1,359.85
o0000000000000000000000001276,1,credit_card,7,48.02
o0000000000000000000000001276,2,credit_card,5,48.02
o0000000000000000000000001277,1,credit_card,6,309.4
o0000000000000000000000001278,1,credit_card,4,202.8
o0000000000000000000000001278,2,credit_card,7,202.8
o0000000000000000000000001279,1,credit_card,1,22.2
o0000000000000000000000001279,2,credit_card,8,22.2
o0000000000000000000000001280,1,credit_card,6,112.3
o0000000000000000000000001281,1,boleto,1,722.78
o0000000000000000000000001282,1,boleto,1,279.79
o0000000000000000000000001283,1,boleto,1,358.51
o0000000000000000000000001284,1,credit_card,1,176.51
o0000000000000000000000001284,2,credit_card,5,176.51
o0000000000000000000000001285,1,credit_card,3,675.26
o0000000000000000000000001286,1,boleto,1,834.5
o0000000000000000000000001287,1,credit_card,6,197.32
o0000000000000000000000001287,2,credit_card,6,197.32
o0000000000000000000000001288,1,credit_card,10,648.63
o0000000000000000000000001289,1,credit_card,7,388.74
o0000000000000000000000001290,1,debit_card,1,166.56
o0000000000000000000000001290,2,debit_card,1,166.56
o0000000000000000000000001291,1,debit_card,1,537.26
o0000000000000000000000001292,1,credit_card,9,79.87
o0000000000000000000000001292,2,credit_card,6,79.87
o0000000000000000000000001293,1,credit_card,6,425.84
o0000000000000000000000001294,1,credit_card,1,390.76
o0000000000000000000000001295,1,credit_card,4,504.45
o0000000000000000000000001296,1,credit_card,6,353.21
o0000000000000000000000001297,1,credit_card,2,329.01
o0000000000000000000000001298,1,credit_card,3,512.07
o0000000000000000000000001299,1,credit_card,5,314.39
o0000000000000000000000001300,1,credit_card,6,199.45
o0000000000000000000000001301,1,credit_card,2,272.63
o0000000000000000000000001302,1,credit_card,8,1176.76
o0000000000000000000000001303,1,credit_card,9,306.45
o0000000000000000000000001304,1,credit_card,6,519.63
o0000000000000000000000001305,1,credit_card,1,383.82
o0000000000000000000000001306,1,credit_card,1,49.8
o0000000000000000000000001307,1,credit_card,3,97.52
o0000000000000000000000001307,2,credit_card,4,97.52
o0000000000000000000000001308,1,credit_card,9,152.84
o0000000000000000000000001309,1,credit_card,7,401.22
o0000000000000000000000001310,1,credit_card,3,212.14
o0000000000000000000000001311,1,credit_card,9,355.51
o0000000000000000000000001312,1,credit_card,9,364.29
o0000000000000000000000001313,1,debit_card,1,367.69
o0000000000000000000000001314,1,debit_card,1,821.41
o0000000000000000000000001315,1,credit_card,3,223.77
o0000000000000000000000001316,1,credit_card,7,648.51
o0000000000000000000000001317,1,boleto,1,66.5
o0000000000000000000000001317,2,boleto,1,66.5
o0000000000000000000000001318,1,debit_card,1,470.07
o0000000000000000000000001319,1,credit_card,10,359.88
o0000000000000000000000001320,1,credit_card,2,1081.69
o0000000000000000000000001321,1,credit_card,5,385.19
o0000000000000000000000001322,1,credit_card,6,231.43
o0000000000000000000000001323,1,credit_card,7,276.19
o0000000000000000000000001324,1,credit_card,6,320.66
o0000000000000000000000001325,1,credit_card,8,980.7
o0000000000000000000000001326,1,boleto,1,83.34
o0000000000000000000000001327,1,credit_card,1,397.64
o0000000000000000000000001328,1,credit_card,2,41.94
o0000000000000000000000001329,1,voucher,1,87.81
o0000000000000000000000001330,1,credit_card,5,369.76
o0000000000000000000000001331,1,voucher,1,208.9
o0000000000000000000000001332,1,boleto,1,96.43
o0000000000000000000000001333,1,credit_card,1,1230.11
o0000000000000000000000001334,1,credit_card,1,355.53
o0000000000000000000000001335,1,boleto,1,701.31
o0000000000000000000000001336,1,credit_card,8,234.19
o0000000000000000000000001337,1,boleto,1,421.31
o0000000000000000000000001338,1,debit_card,1,828.35
o0000000000000000000000001339,1,boleto,1,310.64
o0000000000000000000000001340,1,credit_card,2,438.64
o0000000000000000000000001341,1,credit_card,4,111.75
o0000000000000000000000001341,2,credit_card,5,111.75
o0000000000000000000000001342,1,debit_card,1,420.24
o0000000000000000000000001342,2,debit_card,1,420.24
o0000000000000000000000001343,1,credit_card,7,232.27
o0000000000000000000000001344,1,credit_card,9,85.01
o0000000000000000000000001345,1,credit_card,4,130.61
o0000000000000000000000001346,1,credit_card,3,163.68
o0000000000000000000000001347,1,credit_card,9,264.55
o0000000000000000000000001348,1,credit_card,5,53.43
o0000000000000000000000001349,1,credit_card,6,773.4
o0000000000000000000000001350,1,credit_card,8,118.23
o0000000000000000000000001351,1,credit_card,9,397.66
o0000000000000000000000001352,1,credit_card,9,600.19
o0000000000000000000000001353,1,boleto,1,667.92
o0000000000000000000000001354,1,debit_card,1,336.2
o0000000000000000000000001355,1,credit_card,5,121.5
o0000000000000000000000001356,1,credit_card,7,128.76
o0000000000000000000000001357,1,boleto,1,105.09
o0000000000000000000000001358,1,credit_card,7,145.39
o0000000000000000000000001359,1,credit_card,2,576.17
o0000000000000000000000001360,1,credit_card,8,101.42
o0000000000000000000000001361,1,credit_card,1,717.32
o0000000000000000000000001362,1,boleto,1,295.52
o0000000000000000000000001363,1,credit_card,5,137.64
o0000000000000000000000001363,2,credit_card,8,137.64
o0000000000000000000000001364,1,credit_card,4,518.32
o0000000000000000000000001365,1,boleto,1,107.88
o0000000000000000000000001366,1,boleto,1,200.91
o0000000000000000000000001367,1,credit_card,10,391.6
o0000000000000000000000001368,1,credit_card,8,603.61
o0000000000000000000000001369,1,credit_card,4,881.95
o0000000000000000000000001370,1,boleto,1,453.77
o0000000000000000000000001371,1,credit_card,8,234.14
o0000000000000000000000001372,1,debit_card,1,842.7
o0000000000000000000000001373,1,credit_card,9,132.06
o0000000000000000000000001373,2,credit_card,5,132.06
o0000000000000000000000001374,1,credit_card,1,328.8
o0000000000000000000000001375,1,credit_card,2,208.05
o0000000000000000000000001376,1,credit_card,9,652.02
o0000000000000000000000001377,1,credit_card,9,292.46
o0000000000000000000000001378,1,credit_card,4,281.1
o0000000000000000000000001379,1,credit_card,1,418.19
o0000000000000000000000001380,1,voucher,1,325.16
o0000000000000000000000001381,1,credit_card,2,154.03
o0000000000000000000000001382,1,boleto,1,278.53
o0000000000000000000000001383,1,credit_card,6,106.15
o0000000000000000000000001383,2,credit_card,5,106.15
o0000000000000000000000001384,1,credit_card,8,327.14
o0000000000000000000000001385,1,credit_card,9,234.15
o0000000000000000000000001386,1,credit_card,5,333.47
o0000000000000000000000001387,1,boleto,1,132.89
o0000000000000000000000001388,1,boleto,1,397.38
o0000000000000000000000001389,1,credit_card,9,374.31
o0000000000000000000000001390,1,credit_card,4,377.39
o0000000000000000000000001391,1,credit_card,2,418.69
o0000000000000000000000001392,1,boleto,1,490.93
o0000000000000000000000001393,1,credit_card,1,126.94
o0000000000000000000000001393,2,credit_card,8,126.94
o0000000000000000000000001394,1,boleto,1,443.39
o0000000000000000000000001395,1,credit_card,6,211.04
o0000000000000000000000001396,1,boleto,1,112.69
o0000000000000000000000001397,1,credit_card,4,104.35
o0000000000000000000000001398,1,boleto,1,577.64
o0000000000000000000000001399,1,credit_card,3,730.69
